--
-- PostgreSQL database dump
--

-- Dumped from database version 14.5
-- Dumped by pg_dump version 14.5

SET statement_timeout = 0;
SET lock_timeout = 0;
SET idle_in_transaction_session_timeout = 0;
SET client_encoding = 'UTF8';
SET standard_conforming_strings = on;
SELECT pg_catalog.set_config('search_path', '', false);
SET check_function_bodies = false;
SET xmloption = content;
SET client_min_messages = warning;
SET row_security = off;

SET default_tablespace = '';

SET default_table_access_method = heap;

--
-- Name: auth_group; Type: TABLE; Schema: public; Owner: -
--

CREATE TABLE public.auth_group (
    id integer NOT NULL,
    name character varying(150) NOT NULL
);


--
-- Name: auth_group_id_seq; Type: SEQUENCE; Schema: public; Owner: -
--

ALTER TABLE public.auth_group ALTER COLUMN id ADD GENERATED BY DEFAULT AS IDENTITY (
    SEQUENCE NAME public.auth_group_id_seq
    START WITH 1
    INCREMENT BY 1
    NO MINVALUE
    NO MAXVALUE
    CACHE 1
);


--
-- Name: auth_group_permissions; Type: TABLE; Schema: public; Owner: -
--

CREATE TABLE public.auth_group_permissions (
    id bigint NOT NULL,
    group_id integer NOT NULL,
    permission_id integer NOT NULL
);


--
-- Name: auth_group_permissions_id_seq; Type: SEQUENCE; Schema: public; Owner: -
--

ALTER TABLE public.auth_group_permissions ALTER COLUMN id ADD GENERATED BY DEFAULT AS IDENTITY (
    SEQUENCE NAME public.auth_group_permissions_id_seq
    START WITH 1
    INCREMENT BY 1
    NO MINVALUE
    NO MAXVALUE
    CACHE 1
);


--
-- Name: auth_permission; Type: TABLE; Schema: public; Owner: -
--

CREATE TABLE public.auth_permission (
    id integer NOT NULL,
    name character varying(255) NOT NULL,
    content_type_id integer NOT NULL,
    codename character varying(100) NOT NULL
);


--
-- Name: auth_permission_id_seq; Type: SEQUENCE; Schema: public; Owner: -
--

ALTER TABLE public.auth_permission ALTER COLUMN id ADD GENERATED BY DEFAULT AS IDENTITY (
    SEQUENCE NAME public.auth_permission_id_seq
    START WITH 1
    INCREMENT BY 1
    NO MINVALUE
    NO MAXVALUE
    CACHE 1
);


--
-- Name: django_admin_log; Type: TABLE; Schema: public; Owner: -
--

CREATE TABLE public.django_admin_log (
    id integer NOT NULL,
    action_time timestamp with time zone NOT NULL,
    object_id text,
    object_repr character varying(200) NOT NULL,
    action_flag smallint NOT NULL,
    change_message text NOT NULL,
    content_type_id integer,
    user_id bigint NOT NULL,
    CONSTRAINT django_admin_log_action_flag_check CHECK ((action_flag >= 0))
);


--
-- Name: django_admin_log_id_seq; Type: SEQUENCE; Schema: public; Owner: -
--

ALTER TABLE public.django_admin_log ALTER COLUMN id ADD GENERATED BY DEFAULT AS IDENTITY (
    SEQUENCE NAME public.django_admin_log_id_seq
    START WITH 1
    INCREMENT BY 1
    NO MINVALUE
    NO MAXVALUE
    CACHE 1
);


--
-- Name: django_content_type; Type: TABLE; Schema: public; Owner: -
--

CREATE TABLE public.django_content_type (
    id integer NOT NULL,
    app_label character varying(100) NOT NULL,
    model character varying(100) NOT NULL
);


--
-- Name: django_content_type_id_seq; Type: SEQUENCE; Schema: public; Owner: -
--

ALTER TABLE public.django_content_type ALTER COLUMN id ADD GENERATED BY DEFAULT AS IDENTITY (
    SEQUENCE NAME public.django_content_type_id_seq
    START WITH 1
    INCREMENT BY 1
    NO MINVALUE
    NO MAXVALUE
    CACHE 1
);


--
-- Name: django_migrations; Type: TABLE; Schema: public; Owner: -
--

CREATE TABLE public.django_migrations (
    id bigint NOT NULL,
    app character varying(255) NOT NULL,
    name character varying(255) NOT NULL,
    applied timestamp with time zone NOT NULL
);


--
-- Name: django_migrations_id_seq; Type: SEQUENCE; Schema: public; Owner: -
--

ALTER TABLE public.django_migrations ALTER COLUMN id ADD GENERATED BY DEFAULT AS IDENTITY (
    SEQUENCE NAME public.django_migrations_id_seq
    START WITH 1
    INCREMENT BY 1
    NO MINVALUE
    NO MAXVALUE
    CACHE 1
);


--
-- Name: django_session; Type: TABLE; Schema: public; Owner: -
--

CREATE TABLE public.django_session (
    session_key character varying(40) NOT NULL,
    session_data text NOT NULL,
    expire_date timestamp with time zone NOT NULL
);


--
-- Name: orders_order; Type: TABLE; Schema: public; Owner: -
--

CREATE TABLE public.orders_order (
    id bigint NOT NULL,
    created_at timestamp with time zone NOT NULL,
    is_fulfilled boolean NOT NULL,
    is_paid boolean NOT NULL,
    is_takeaway boolean NOT NULL,
    user_id bigint
);


--
-- Name: orders_order_id_seq; Type: SEQUENCE; Schema: public; Owner: -
--

ALTER TABLE public.orders_order ALTER COLUMN id ADD GENERATED BY DEFAULT AS IDENTITY (
    SEQUENCE NAME public.orders_order_id_seq
    START WITH 1
    INCREMENT BY 1
    NO MINVALUE
    NO MAXVALUE
    CACHE 1
);


--
-- Name: orders_orderitem; Type: TABLE; Schema: public; Owner: -
--

CREATE TABLE public.orders_orderitem (
    id bigint NOT NULL,
    amount smallint NOT NULL,
    price_per_unit smallint NOT NULL,
    order_id bigint NOT NULL,
    product_id bigint NOT NULL
);


--
-- Name: orders_orderitem_id_seq; Type: SEQUENCE; Schema: public; Owner: -
--

ALTER TABLE public.orders_orderitem ALTER COLUMN id ADD GENERATED BY DEFAULT AS IDENTITY (
    SEQUENCE NAME public.orders_orderitem_id_seq
    START WITH 1
    INCREMENT BY 1
    NO MINVALUE
    NO MAXVALUE
    CACHE 1
);


--
-- Name: products_attribute; Type: TABLE; Schema: public; Owner: -
--

CREATE TABLE public.products_attribute (
    id bigint NOT NULL,
    title character varying(64) NOT NULL,
    title_ukr character varying(64) NOT NULL
);


--
-- Name: products_attribute_id_seq; Type: SEQUENCE; Schema: public; Owner: -
--

ALTER TABLE public.products_attribute ALTER COLUMN id ADD GENERATED BY DEFAULT AS IDENTITY (
    SEQUENCE NAME public.products_attribute_id_seq
    START WITH 1
    INCREMENT BY 1
    NO MINVALUE
    NO MAXVALUE
    CACHE 1
);


--
-- Name: products_attributevalue; Type: TABLE; Schema: public; Owner: -
--

CREATE TABLE public.products_attributevalue (
    id bigint NOT NULL,
    value character varying(128) NOT NULL,
    value_ukr character varying(128) NOT NULL,
    price_addition smallint NOT NULL,
    attribute_id bigint NOT NULL,
    category_id bigint NOT NULL
);


--
-- Name: products_attributevalue_id_seq; Type: SEQUENCE; Schema: public; Owner: -
--

ALTER TABLE public.products_attributevalue ALTER COLUMN id ADD GENERATED BY DEFAULT AS IDENTITY (
    SEQUENCE NAME public.products_attributevalue_id_seq
    START WITH 1
    INCREMENT BY 1
    NO MINVALUE
    NO MAXVALUE
    CACHE 1
);


--
-- Name: products_category; Type: TABLE; Schema: public; Owner: -
--

CREATE TABLE public.products_category (
    id bigint NOT NULL,
    title character varying(64) NOT NULL,
    title_ukr character varying(64) NOT NULL
);


--
-- Name: products_category_id_seq; Type: SEQUENCE; Schema: public; Owner: -
--

ALTER TABLE public.products_category ALTER COLUMN id ADD GENERATED BY DEFAULT AS IDENTITY (
    SEQUENCE NAME public.products_category_id_seq
    START WITH 1
    INCREMENT BY 1
    NO MINVALUE
    NO MAXVALUE
    CACHE 1
);


--
-- Name: products_product; Type: TABLE; Schema: public; Owner: -
--

CREATE TABLE public.products_product (
    id bigint NOT NULL,
    title character varying(128) NOT NULL,
    title_ukr character varying(128) NOT NULL,
    description text NOT NULL,
    description_ukr text NOT NULL,
    price integer NOT NULL,
    image_url character varying(200) NOT NULL,
    slug character varying(50) NOT NULL,
    rating smallint NOT NULL,
    stock integer NOT NULL,
    category_id bigint NOT NULL
);


--
-- Name: products_product_id_seq; Type: SEQUENCE; Schema: public; Owner: -
--

ALTER TABLE public.products_product ALTER COLUMN id ADD GENERATED BY DEFAULT AS IDENTITY (
    SEQUENCE NAME public.products_product_id_seq
    START WITH 1
    INCREMENT BY 1
    NO MINVALUE
    NO MAXVALUE
    CACHE 1
);


--
-- Name: users_address; Type: TABLE; Schema: public; Owner: -
--

CREATE TABLE public.users_address (
    id bigint NOT NULL,
    street_address character varying(100) NOT NULL,
    city character varying(50) NOT NULL,
    zip_code character varying(10) NOT NULL,
    user_id bigint NOT NULL
);


--
-- Name: users_address_id_seq; Type: SEQUENCE; Schema: public; Owner: -
--

ALTER TABLE public.users_address ALTER COLUMN id ADD GENERATED BY DEFAULT AS IDENTITY (
    SEQUENCE NAME public.users_address_id_seq
    START WITH 1
    INCREMENT BY 1
    NO MINVALUE
    NO MAXVALUE
    CACHE 1
);


--
-- Name: users_preferred; Type: TABLE; Schema: public; Owner: -
--

CREATE TABLE public.users_preferred (
    id bigint NOT NULL,
    product_id bigint NOT NULL,
    user_id bigint NOT NULL
);


--
-- Name: users_preferred_id_seq; Type: SEQUENCE; Schema: public; Owner: -
--

ALTER TABLE public.users_preferred ALTER COLUMN id ADD GENERATED BY DEFAULT AS IDENTITY (
    SEQUENCE NAME public.users_preferred_id_seq
    START WITH 1
    INCREMENT BY 1
    NO MINVALUE
    NO MAXVALUE
    CACHE 1
);


--
-- Name: users_user; Type: TABLE; Schema: public; Owner: -
--

CREATE TABLE public.users_user (
    id bigint NOT NULL,
    password character varying(128) NOT NULL,
    last_login timestamp with time zone,
    is_superuser boolean NOT NULL,
    email character varying(254),
    phone_number character varying(128),
    first_name character varying(32) NOT NULL,
    last_name character varying(32) NOT NULL,
    date_joined timestamp with time zone NOT NULL,
    is_active boolean NOT NULL,
    is_staff boolean NOT NULL
);


--
-- Name: users_user_groups; Type: TABLE; Schema: public; Owner: -
--

CREATE TABLE public.users_user_groups (
    id bigint NOT NULL,
    user_id bigint NOT NULL,
    group_id integer NOT NULL
);


--
-- Name: users_user_groups_id_seq; Type: SEQUENCE; Schema: public; Owner: -
--

ALTER TABLE public.users_user_groups ALTER COLUMN id ADD GENERATED BY DEFAULT AS IDENTITY (
    SEQUENCE NAME public.users_user_groups_id_seq
    START WITH 1
    INCREMENT BY 1
    NO MINVALUE
    NO MAXVALUE
    CACHE 1
);


--
-- Name: users_user_id_seq; Type: SEQUENCE; Schema: public; Owner: -
--

ALTER TABLE public.users_user ALTER COLUMN id ADD GENERATED BY DEFAULT AS IDENTITY (
    SEQUENCE NAME public.users_user_id_seq
    START WITH 1
    INCREMENT BY 1
    NO MINVALUE
    NO MAXVALUE
    CACHE 1
);


--
-- Name: users_user_user_permissions; Type: TABLE; Schema: public; Owner: -
--

CREATE TABLE public.users_user_user_permissions (
    id bigint NOT NULL,
    user_id bigint NOT NULL,
    permission_id integer NOT NULL
);


--
-- Name: users_user_user_permissions_id_seq; Type: SEQUENCE; Schema: public; Owner: -
--

ALTER TABLE public.users_user_user_permissions ALTER COLUMN id ADD GENERATED BY DEFAULT AS IDENTITY (
    SEQUENCE NAME public.users_user_user_permissions_id_seq
    START WITH 1
    INCREMENT BY 1
    NO MINVALUE
    NO MAXVALUE
    CACHE 1
);


--
-- Data for Name: auth_group; Type: TABLE DATA; Schema: public; Owner: -
--

COPY public.auth_group (id, name) FROM stdin;
\.


--
-- Data for Name: auth_group_permissions; Type: TABLE DATA; Schema: public; Owner: -
--

COPY public.auth_group_permissions (id, group_id, permission_id) FROM stdin;
\.


--
-- Data for Name: auth_permission; Type: TABLE DATA; Schema: public; Owner: -
--

COPY public.auth_permission (id, name, content_type_id, codename) FROM stdin;
1	Can add log entry	1	add_logentry
2	Can change log entry	1	change_logentry
3	Can delete log entry	1	delete_logentry
4	Can view log entry	1	view_logentry
5	Can add permission	2	add_permission
6	Can change permission	2	change_permission
7	Can delete permission	2	delete_permission
8	Can view permission	2	view_permission
9	Can add group	3	add_group
10	Can change group	3	change_group
11	Can delete group	3	delete_group
12	Can view group	3	view_group
13	Can add content type	4	add_contenttype
14	Can change content type	4	change_contenttype
15	Can delete content type	4	delete_contenttype
16	Can view content type	4	view_contenttype
17	Can add session	5	add_session
18	Can change session	5	change_session
19	Can delete session	5	delete_session
20	Can view session	5	view_session
21	Can add Attribute	6	add_attribute
22	Can change Attribute	6	change_attribute
23	Can delete Attribute	6	delete_attribute
24	Can view Attribute	6	view_attribute
25	Can add Category	7	add_category
26	Can change Category	7	change_category
27	Can delete Category	7	delete_category
28	Can view Category	7	view_category
29	Can add Product	8	add_product
30	Can change Product	8	change_product
31	Can delete Product	8	delete_product
32	Can view Product	8	view_product
33	Can add Attribute Value	9	add_attributevalue
34	Can change Attribute Value	9	change_attributevalue
35	Can delete Attribute Value	9	delete_attributevalue
36	Can view Attribute Value	9	view_attributevalue
37	Can add order	10	add_order
38	Can change order	10	change_order
39	Can delete order	10	delete_order
40	Can view order	10	view_order
41	Can add order item	11	add_orderitem
42	Can change order item	11	change_orderitem
43	Can delete order item	11	delete_orderitem
44	Can view order item	11	view_orderitem
45	Can add user	12	add_user
46	Can change user	12	change_user
47	Can delete user	12	delete_user
48	Can view user	12	view_user
49	Can add preferred	13	add_preferred
50	Can change preferred	13	change_preferred
51	Can delete preferred	13	delete_preferred
52	Can view preferred	13	view_preferred
53	Can add address	14	add_address
54	Can change address	14	change_address
55	Can delete address	14	delete_address
56	Can view address	14	view_address
\.


--
-- Data for Name: django_admin_log; Type: TABLE DATA; Schema: public; Owner: -
--

COPY public.django_admin_log (id, action_time, object_id, object_repr, action_flag, change_message, content_type_id, user_id) FROM stdin;
1	2023-04-28 19:42:58.305717+00	5	Cheese	1	[{"added": {}}]	8	1
2	2023-04-28 19:46:36.252567+00	6	Fresh pepperoni	1	[{"added": {}}]	8	1
3	2023-04-28 19:49:46.440186+00	7	Fresh chorizo	1	[{"added": {}}]	8	1
4	2023-04-28 19:50:52.893824+00	3	Cheese chicken	2	[{"changed": {"fields": ["Slug", "Rating", "Stock"]}}]	8	1
5	2023-04-28 19:50:54.601095+00	3	Cheese chicken	2	[]	8	1
6	2023-04-28 19:51:31.755235+00	1	Double Chicken	2	[{"changed": {"fields": ["Slug", "Rating", "Stock"]}}]	8	1
7	2023-04-28 19:57:18.122231+00	8	Burger-pizza	1	[{"added": {}}]	8	1
8	2023-04-28 19:58:40.952138+00	9	Barbecue chicken	1	[{"added": {}}]	8	1
9	2023-04-28 20:00:36.322784+00	10	Ham and cheese	1	[{"added": {}}]	8	1
10	2023-04-28 20:02:07.509039+00	11	Meaty	1	[{"added": {}}]	8	1
11	2023-04-28 20:04:13.954694+00	12	Chicken curry	1	[{"added": {}}]	8	1
12	2023-04-28 20:06:32.81432+00	13	Four cheeses	1	[{"added": {}}]	8	1
13	2023-04-28 20:08:26.10151+00	14	Four seasons	1	[{"added": {}}]	8	1
14	2023-04-28 20:10:16.226456+00	15	Ham and mushrooms	1	[{"added": {}}]	8	1
15	2023-04-28 20:12:45.461125+00	16	Homemade	1	[{"added": {}}]	8	1
16	2023-04-28 20:14:21.978824+00	17	Margarita	1	[{"added": {}}]	8	1
17	2023-04-28 20:16:05.207497+00	18	Diablo	1	[{"added": {}}]	8	1
18	2023-04-28 20:18:32.864257+00	19	BBQ sausages	1	[{"added": {}}]	8	1
19	2023-04-28 20:19:56.849523+00	20	Vegetables and mushrooms	1	[{"added": {}}]	8	1
20	2023-04-28 20:20:45.991432+00	2	Rich Cranberry fruit drink	2	[{"changed": {"fields": ["Rating", "Stock"]}}]	8	1
21	2023-04-29 20:56:38.001267+00	1	Double Chicken	2	[{"changed": {"fields": ["Image URL"]}}]	8	1
22	2023-04-29 20:57:10.993075+00	1	Double Chicken	2	[]	8	1
23	2023-04-29 20:59:53.36593+00	1	Double Chicken	2	[]	8	1
24	2023-04-29 21:02:19.444089+00	3	Cheese chicken	2	[{"changed": {"fields": ["Image URL"]}}]	8	1
\.


--
-- Data for Name: django_content_type; Type: TABLE DATA; Schema: public; Owner: -
--

COPY public.django_content_type (id, app_label, model) FROM stdin;
1	admin	logentry
2	auth	permission
3	auth	group
4	contenttypes	contenttype
5	sessions	session
6	products	attribute
7	products	category
8	products	product
9	products	attributevalue
10	orders	order
11	orders	orderitem
12	users	user
13	users	preferred
14	users	address
\.


--
-- Data for Name: django_migrations; Type: TABLE DATA; Schema: public; Owner: -
--

COPY public.django_migrations (id, app, name, applied) FROM stdin;
1	products	0001_initial	2023-04-27 19:59:56.083262+00
2	contenttypes	0001_initial	2023-04-27 19:59:56.835293+00
3	contenttypes	0002_remove_content_type_name	2023-04-27 19:59:57.720656+00
4	auth	0001_initial	2023-04-27 20:00:00.268439+00
5	auth	0002_alter_permission_name_max_length	2023-04-27 20:00:00.857292+00
6	auth	0003_alter_user_email_max_length	2023-04-27 20:00:01.447167+00
7	auth	0004_alter_user_username_opts	2023-04-27 20:00:02.036304+00
8	auth	0005_alter_user_last_login_null	2023-04-27 20:00:02.625126+00
9	auth	0006_require_contenttypes_0002	2023-04-27 20:00:03.209892+00
10	auth	0007_alter_validators_add_error_messages	2023-04-27 20:00:03.799485+00
11	auth	0008_alter_user_username_max_length	2023-04-27 20:00:04.389732+00
12	auth	0009_alter_user_last_name_max_length	2023-04-27 20:00:04.979979+00
13	auth	0010_alter_group_name_max_length	2023-04-27 20:00:05.725276+00
14	auth	0011_update_proxy_permissions	2023-04-27 20:00:06.319013+00
15	auth	0012_alter_user_first_name_max_length	2023-04-27 20:00:06.909138+00
16	users	0001_initial	2023-04-27 20:00:11.155822+00
17	admin	0001_initial	2023-04-27 20:00:12.505417+00
18	admin	0002_logentry_remove_auto_add	2023-04-27 20:00:12.955518+00
19	admin	0003_logentry_add_action_flag_choices	2023-04-27 20:00:13.552512+00
20	orders	0001_initial	2023-04-27 20:00:15.24931+00
21	orders	0002_initial	2023-04-27 20:00:16.144266+00
22	sessions	0001_initial	2023-04-27 20:00:17.187669+00
\.


--
-- Data for Name: django_session; Type: TABLE DATA; Schema: public; Owner: -
--

COPY public.django_session (session_key, session_data, expire_date) FROM stdin;
3l6vog7a05u9p65k1u8t60j39u09sgpp	.eJxVjEEOwiAQRe_C2pBhaKHj0r1nIMCAVA0kpV0Z765NutDtf-_9l3B-W4vbelrczOIslDj9bsHHR6o74LuvtyZjq-syB7kr8qBdXhun5-Vw_w6K7-VbG8MQYMpgR4jW5IyKlCYmHCIFZEiotTWYPSVSPKiAE6Ies2HiCEq8P8O3NxI:1psAg0:5MpNccdVu0IeVBIhnkPbN3KtP3bo5e5ppQsi5bUid3k	2023-05-11 23:05:24.481553+00
hvtwpf6osvippimqx4u75kfhufsz776w	.eJxVjEEOwiAQRe_C2pBhaKHj0r1nIMCAVA0kpV0Z765NutDtf-_9l3B-W4vbelrczOIslDj9bsHHR6o74LuvtyZjq-syB7kr8qBdXhun5-Vw_w6K7-VbG8MQYMpgR4jW5IyKlCYmHCIFZEiotTWYPSVSPKiAE6Ies2HiCEq8P8O3NxI:1psTwD:fq5V4tfgnh4aJRQygpnW1U8qGqXpEtGnb7q8y4LoxT4	2023-05-12 19:39:25.101238+00
\.


--
-- Data for Name: orders_order; Type: TABLE DATA; Schema: public; Owner: -
--

COPY public.orders_order (id, created_at, is_fulfilled, is_paid, is_takeaway, user_id) FROM stdin;
1	2023-04-23 13:08:59.261+00	f	f	f	\N
\.


--
-- Data for Name: orders_orderitem; Type: TABLE DATA; Schema: public; Owner: -
--

COPY public.orders_orderitem (id, amount, price_per_unit, order_id, product_id) FROM stdin;
1	1	180	1	1
\.


--
-- Data for Name: products_attribute; Type: TABLE DATA; Schema: public; Owner: -
--

COPY public.products_attribute (id, title, title_ukr) FROM stdin;
1	Dough	Тісто
2	Size	Розмір
3	Volume	Об'єм
4	Spiciness	Гострота
\.


--
-- Data for Name: products_attributevalue; Type: TABLE DATA; Schema: public; Owner: -
--

COPY public.products_attributevalue (id, value, value_ukr, price_addition, attribute_id, category_id) FROM stdin;
1	Traditional	Традиційне	0	1	1
2	26 cm.	26 cm.	0	2	1
3	Slim	Тонке	15	1	1
4	30 cm.	30 cm.	5	2	1
5	40 cm.	40 cm.	10	2	1
6	0.5L	0.5L	0	3	2
7	1L	1L	10	3	2
8	S	S	0	2	3
9	M	M	10	2	3
10	L	L	20	2	3
11	Classic	Classic	0	4	3
12	Spicy	Spicy	10	4	3
\.


--
-- Data for Name: products_category; Type: TABLE DATA; Schema: public; Owner: -
--

COPY public.products_category (id, title, title_ukr) FROM stdin;
1	Pizza	Піца
2	Drink	Напій
3	Sandwich	Сендвіч
\.


--
-- Data for Name: products_product; Type: TABLE DATA; Schema: public; Owner: -
--

COPY public.products_product (id, title, title_ukr, description, description_ukr, price, image_url, slug, rating, stock, category_id) FROM stdin;
4	Dodster	Додстер	Legendary hot appetizer with chicken, tomatoes, mozzarella, ranch sauce in a thin wheat tortilla.	Легендарна гаряча закуска з курчам, томатами, моцарелою, соусом ранч у тонків пшеничній коржі.	50	https://cdn.dodostatic.net/static/Img/Products/be03844e8b8a401ba4af5a4e7f74ea37_584x584.jpeg	dodster	2	11	3
5	Cheese	Сирна	Mozzarella, cheddar and parmesan cheeses, signature alfredo sauce	Моцарела, сири чеддер та пармезан, фірмовий соус альфредо	135	https://dodopizza-a.akamaihd.net/static/Img/Products/d9c609f1422247f2b87b6293eb461ff0_584x584.webp	cheese-pizza	8	156	1
6	Fresh pepperoni	Пепероні фреш	Spicy pepperoni, an increased portion of mozzarella, tomatoes, signature tomato sauce	Гостра пепероні, збільшена порція моцарели, помідори, фірмовий томатний соус	135	https://dodopizza-a.akamaihd.net/static/Img/Products/27c9bbd0af3a4d1d84a086d9c2f1656d_292x292.webp	fresh-pepperoni-pizza	5	170	1
7	Fresh chorizo	Чорізо фреш	Signature tomato sauce, mozzarella, spicy chorizo, sweet pepper	Фірмовий томатний соус, моцарела, гострий чорізо, солодкий перець	155	https://dodopizza-a.akamaihd.net/static/Img/Products/02ca2561953b488993878d1f70e359de_292x292.webp	fresh-chorizo--pizza	3	132	1
8	Burger-pizza	Бургер-піца	Ham, pickled cucumbers, tomatoes, red onion, garlic, burger sauce, mozzarella, signature tomato sauce	Шинка, мариновані огірки, помідори, червона цибуля, часник, соус бургер, моцарела, фірмовий томатний соус	180	https://dodopizza-a.akamaihd.net/static/Img/Products/cea570842b754c52b786c231c65bd2e2_292x292.webp	burger-pizza	7	120	1
9	Barbecue chicken	Курка барбекю	Chicken, bacon, barbecue sauce, red onion, mozzarella, signature tomato sauce	Курка, бекон, соус барбекю, червона цибуля, моцарела, фірмовий томатний соус	240	https://dodopizza-a.akamaihd.net/static/Img/Products/45cc8ffb190c4a28aaf1863a67f675c7_292x292.webp	barbecue-chicken-pizza	5	134	1
10	Ham and cheese	Шинка та сир	Ham, mozzarella, signature alfredo sauce	Шинка, моцарелла, фірмовий соус альфредо	125	https://dodopizza-a.akamaihd.net/static/Img/Products/cea570842b754c52b786c231c65bd2e2_366x366.webp	ham-cheese-pizza	3	101	1
11	Meaty	М'ясна	Chicken, ham, spicy pepperoni, spicy chorizo, mozzarella, signature tomato sauce	Курча, шинка, пікантна пепероні, гостра чоризо, моцарелла, фірмовий томатний соус	198	https://dodopizza-a.akamaihd.net/static/Img/Products/18dbb12240b041a191c9dc73c9c1f4ef_366x366.webp	meaty-pizza	9	163	1
12	Chicken curry	Курча каррі	Chicken, pineapple, curry sauce, red onion, bell pepper, mozzarella, signature tomato sauce	Курча, ананаси, соус каррі, червона цибуля, солодкий перець, моцарелла, фірмовий томатний соус	180	https://dodopizza-a.akamaihd.net/static/Img/Products/c8ac7d2eb95b4bd0b8bc2f366415896c_366x366.webp	chicken-curry-pizza	4	135	1
13	Four cheeses	Чотири сира	Blue cheese, cheddar and parmesan cheese mix, mozzarella, signature alfredo sauce	Сир блю чіз, суміш сирів чеддер і пармезан, моцарелла, фірмовий соус альфредо	200	https://dodopizza-a.akamaihd.net/static/Img/Products/50555f951a6d4fd4ac0088c099eb3769_366x366.webp	four-cheeses-pizza	8	165	1
14	Four seasons	Чотири сезони	Extra mozzarella, ham, spicy pepperoni, cheese cubes, tomatoes, champignons, Italian herbs, signature tomato sauce	Збільшена порція моцарели, шинка, пікантна пепероні, кубики бринзи, томати, печериці, італійські трави, фірмовий томатний соус	184	https://dodopizza-a.akamaihd.net/static/Img/Products/d51fa179760041f0831e63fa21c39402_366x366.webp	four-seasons-pizza	3	122	1
2	Rich Cranberry fruit drink	Морс Rich Журавлинний	Prepared artesian water, concentrated cranberry juice, sugar, concentrated grape juice, acidity regulator citric acid, natural cranberry flavor.	Вода артезіанська підготовлена, сік з журавлини концентрований, цукор, сік виноградний концентрований, регулятор кислотності лимонна кислота, натуральний ароматизатор журавлини.	20	https://img2.zakaz.ua/1.1602764002.ad72436478c_2020-10-15_Tatyana_L/1.1602764002.SNCPSG10.obj.0.1.jpg.oe.jpg.pf.jpg.1350nowm.jpg.1350x.jpg	rich-cranberry-fruit-drink	3	146	2
3	Cheese chicken	Сирна куряча	Chicken, mozzarella, cheddar and Parmesan cheeses, cheese sauce, tomatoes, special alfredo sauce, garlic.	Курка, моцарела, сири чеддер та пармезан, сирний соус, помідори, фірмовий соус альфредо, часник.	235	https://dodopizza-a.akamaihd.net/static/Img/Products/42360a7dcb7640c998b723231586fe84_366x366.webp	cheese-chicken-pizza	4	104	1
1	Double Chicken	Подвійна куряча	Chicken, mozzarella, signature sauce, alfredo	Курка, моцарела, фірмовий соус, альфредо	180	https://dodopizza-a.akamaihd.net/static/Img/Products/ddadb2bd7f2d40459acddbe2f51a2389_366x366.webp	double-chicken-pizza	10	151	1
15	Ham and mushrooms	Шинка та гриби	Ham, mushrooms, extra mozzarella, signature tomato sauce	Шинка, печериці, збільшена порція моцарели, фірмовий томатний соус	150	https://dodopizza-a.akamaihd.net/static/Img/Products/0c24c7c195574d7cae45c889bd8043fc_366x366.webp	ham-mushrooms-pizza	5	177	1
16	Homemade	Домашня	Spicy pepperoni, ham, pickled cucumbers, tomatoes, mozzarella, signature tomato sauce	Пікантна пепероні, шинка, мариновані огірочки, томати, моцарелла, фірмовий томатний соус	195	https://dodopizza-a.akamaihd.net/static/Img/Products/1737ebbfb03148a291f8b3060cd9f0a1_366x366.webp	homemade-pizza	10	187	1
17	Margarita	Маргарита	Extra mozzarella, tomatoes, Italian herbs, signature tomato sauce	Збільшена порція моцарелли, томати, італійські трави, фірмовий томатний соус	120	https://dodopizza-a.akamaihd.net/static/Img/Products/748949429e25404ea10aab002c910d84_366x366.webp	margarita-pizza	2	143	1
18	Diablo	Діабло	Spicy chorizo, hot jalapeno peppers, BBQ sauce, meatballs, tomatoes, bell peppers, red onion, mozzarella, signature tomato sauce	Гостра чоризо, гострий перець халапеньо, соус барбекю, мітболи, томати, солодкий перець, червона цибуля, моцарелла, фірмовий томатний соус	240	https://dodopizza-a.akamaihd.net/static/Img/Products/03c840b1ab6f4ccb84f5dc167e146598_366x366.webp	diablo-pizza	9	156	1
19	BBQ sausages	Ковбаски барбекю	Spicy chorizo, barbecue sauce, tomatoes, red onion, mozzarella, signature tomato sauce	Гостра чоризо, соус барбекю, томати, червона цибуля, моцарелла, фірмовий томатний соус	170	https://dodopizza-a.akamaihd.net/static/Img/Products/10b95b8611ec457dbffd9613b8eb165a_366x366.webp	barbecue-sausages-pizza	10	178	1
20	Vegetables and mushrooms	Овочі та гриби	Mushrooms, tomatoes, sweet peppers, red onions, cheese cubes, mozzarella, special tomato sauce, Italian herbs	Печериці, томати, солодкий перець, червона цибуля, кубики бринзи, моцарелла, фірмовий томатний соус, італійські трави	160	https://dodopizza-a.akamaihd.net/static/Img/Products/d6c9f93ea37649ac923e9586c034a5a0_366x366.webp	vegetables-mushrooms-pizza	1	109	1
\.


--
-- Data for Name: users_address; Type: TABLE DATA; Schema: public; Owner: -
--

COPY public.users_address (id, street_address, city, zip_code, user_id) FROM stdin;
1	Sample address	Sample city	36000	1
\.


--
-- Data for Name: users_preferred; Type: TABLE DATA; Schema: public; Owner: -
--

COPY public.users_preferred (id, product_id, user_id) FROM stdin;
1	4	1
2	2	1
\.


--
-- Data for Name: users_user; Type: TABLE DATA; Schema: public; Owner: -
--

COPY public.users_user (id, password, last_login, is_superuser, email, phone_number, first_name, last_name, date_joined, is_active, is_staff) FROM stdin;
1	pbkdf2_sha256$600000$q4HSe8IC95fZsFr6ELvDqi$P8lUF3brwVUa6CvodojUZxU4FNEDRCPsMimtDscxIzM=	2023-04-28 19:39:24.990619+00	t	admin@admin.com	+380991355781			2023-04-23 14:37:48.377+00	t	t
\.


--
-- Data for Name: users_user_groups; Type: TABLE DATA; Schema: public; Owner: -
--

COPY public.users_user_groups (id, user_id, group_id) FROM stdin;
\.


--
-- Data for Name: users_user_user_permissions; Type: TABLE DATA; Schema: public; Owner: -
--

COPY public.users_user_user_permissions (id, user_id, permission_id) FROM stdin;
\.


--
-- Name: auth_group_id_seq; Type: SEQUENCE SET; Schema: public; Owner: -
--

SELECT pg_catalog.setval('public.auth_group_id_seq', 1, false);


--
-- Name: auth_group_permissions_id_seq; Type: SEQUENCE SET; Schema: public; Owner: -
--

SELECT pg_catalog.setval('public.auth_group_permissions_id_seq', 1, false);


--
-- Name: auth_permission_id_seq; Type: SEQUENCE SET; Schema: public; Owner: -
--

SELECT pg_catalog.setval('public.auth_permission_id_seq', 56, true);


--
-- Name: django_admin_log_id_seq; Type: SEQUENCE SET; Schema: public; Owner: -
--

SELECT pg_catalog.setval('public.django_admin_log_id_seq', 24, true);


--
-- Name: django_content_type_id_seq; Type: SEQUENCE SET; Schema: public; Owner: -
--

SELECT pg_catalog.setval('public.django_content_type_id_seq', 14, true);


--
-- Name: django_migrations_id_seq; Type: SEQUENCE SET; Schema: public; Owner: -
--

SELECT pg_catalog.setval('public.django_migrations_id_seq', 22, true);


--
-- Name: orders_order_id_seq; Type: SEQUENCE SET; Schema: public; Owner: -
--

SELECT pg_catalog.setval('public.orders_order_id_seq', 1, true);


--
-- Name: orders_orderitem_id_seq; Type: SEQUENCE SET; Schema: public; Owner: -
--

SELECT pg_catalog.setval('public.orders_orderitem_id_seq', 1, true);


--
-- Name: products_attribute_id_seq; Type: SEQUENCE SET; Schema: public; Owner: -
--

SELECT pg_catalog.setval('public.products_attribute_id_seq', 4, true);


--
-- Name: products_attributevalue_id_seq; Type: SEQUENCE SET; Schema: public; Owner: -
--

SELECT pg_catalog.setval('public.products_attributevalue_id_seq', 12, true);


--
-- Name: products_category_id_seq; Type: SEQUENCE SET; Schema: public; Owner: -
--

SELECT pg_catalog.setval('public.products_category_id_seq', 3, true);


--
-- Name: products_product_id_seq; Type: SEQUENCE SET; Schema: public; Owner: -
--

SELECT pg_catalog.setval('public.products_product_id_seq', 20, true);


--
-- Name: users_address_id_seq; Type: SEQUENCE SET; Schema: public; Owner: -
--

SELECT pg_catalog.setval('public.users_address_id_seq', 1, true);


--
-- Name: users_preferred_id_seq; Type: SEQUENCE SET; Schema: public; Owner: -
--

SELECT pg_catalog.setval('public.users_preferred_id_seq', 2, true);


--
-- Name: users_user_groups_id_seq; Type: SEQUENCE SET; Schema: public; Owner: -
--

SELECT pg_catalog.setval('public.users_user_groups_id_seq', 1, false);


--
-- Name: users_user_id_seq; Type: SEQUENCE SET; Schema: public; Owner: -
--

SELECT pg_catalog.setval('public.users_user_id_seq', 1, true);


--
-- Name: users_user_user_permissions_id_seq; Type: SEQUENCE SET; Schema: public; Owner: -
--

SELECT pg_catalog.setval('public.users_user_user_permissions_id_seq', 1, false);


--
-- Name: auth_group auth_group_name_key; Type: CONSTRAINT; Schema: public; Owner: -
--

ALTER TABLE ONLY public.auth_group
    ADD CONSTRAINT auth_group_name_key UNIQUE (name);


--
-- Name: auth_group_permissions auth_group_permissions_group_id_permission_id_0cd325b0_uniq; Type: CONSTRAINT; Schema: public; Owner: -
--

ALTER TABLE ONLY public.auth_group_permissions
    ADD CONSTRAINT auth_group_permissions_group_id_permission_id_0cd325b0_uniq UNIQUE (group_id, permission_id);


--
-- Name: auth_group_permissions auth_group_permissions_pkey; Type: CONSTRAINT; Schema: public; Owner: -
--

ALTER TABLE ONLY public.auth_group_permissions
    ADD CONSTRAINT auth_group_permissions_pkey PRIMARY KEY (id);


--
-- Name: auth_group auth_group_pkey; Type: CONSTRAINT; Schema: public; Owner: -
--

ALTER TABLE ONLY public.auth_group
    ADD CONSTRAINT auth_group_pkey PRIMARY KEY (id);


--
-- Name: auth_permission auth_permission_content_type_id_codename_01ab375a_uniq; Type: CONSTRAINT; Schema: public; Owner: -
--

ALTER TABLE ONLY public.auth_permission
    ADD CONSTRAINT auth_permission_content_type_id_codename_01ab375a_uniq UNIQUE (content_type_id, codename);


--
-- Name: auth_permission auth_permission_pkey; Type: CONSTRAINT; Schema: public; Owner: -
--

ALTER TABLE ONLY public.auth_permission
    ADD CONSTRAINT auth_permission_pkey PRIMARY KEY (id);


--
-- Name: django_admin_log django_admin_log_pkey; Type: CONSTRAINT; Schema: public; Owner: -
--

ALTER TABLE ONLY public.django_admin_log
    ADD CONSTRAINT django_admin_log_pkey PRIMARY KEY (id);


--
-- Name: django_content_type django_content_type_app_label_model_76bd3d3b_uniq; Type: CONSTRAINT; Schema: public; Owner: -
--

ALTER TABLE ONLY public.django_content_type
    ADD CONSTRAINT django_content_type_app_label_model_76bd3d3b_uniq UNIQUE (app_label, model);


--
-- Name: django_content_type django_content_type_pkey; Type: CONSTRAINT; Schema: public; Owner: -
--

ALTER TABLE ONLY public.django_content_type
    ADD CONSTRAINT django_content_type_pkey PRIMARY KEY (id);


--
-- Name: django_migrations django_migrations_pkey; Type: CONSTRAINT; Schema: public; Owner: -
--

ALTER TABLE ONLY public.django_migrations
    ADD CONSTRAINT django_migrations_pkey PRIMARY KEY (id);


--
-- Name: django_session django_session_pkey; Type: CONSTRAINT; Schema: public; Owner: -
--

ALTER TABLE ONLY public.django_session
    ADD CONSTRAINT django_session_pkey PRIMARY KEY (session_key);


--
-- Name: orders_order orders_order_pkey; Type: CONSTRAINT; Schema: public; Owner: -
--

ALTER TABLE ONLY public.orders_order
    ADD CONSTRAINT orders_order_pkey PRIMARY KEY (id);


--
-- Name: orders_orderitem orders_orderitem_pkey; Type: CONSTRAINT; Schema: public; Owner: -
--

ALTER TABLE ONLY public.orders_orderitem
    ADD CONSTRAINT orders_orderitem_pkey PRIMARY KEY (id);


--
-- Name: products_attribute products_attribute_pkey; Type: CONSTRAINT; Schema: public; Owner: -
--

ALTER TABLE ONLY public.products_attribute
    ADD CONSTRAINT products_attribute_pkey PRIMARY KEY (id);


--
-- Name: products_attributevalue products_attributevalue_pkey; Type: CONSTRAINT; Schema: public; Owner: -
--

ALTER TABLE ONLY public.products_attributevalue
    ADD CONSTRAINT products_attributevalue_pkey PRIMARY KEY (id);


--
-- Name: products_category products_category_pkey; Type: CONSTRAINT; Schema: public; Owner: -
--

ALTER TABLE ONLY public.products_category
    ADD CONSTRAINT products_category_pkey PRIMARY KEY (id);


--
-- Name: products_category products_category_title_key; Type: CONSTRAINT; Schema: public; Owner: -
--

ALTER TABLE ONLY public.products_category
    ADD CONSTRAINT products_category_title_key UNIQUE (title);


--
-- Name: products_category products_category_title_ukr_key; Type: CONSTRAINT; Schema: public; Owner: -
--

ALTER TABLE ONLY public.products_category
    ADD CONSTRAINT products_category_title_ukr_key UNIQUE (title_ukr);


--
-- Name: products_product products_product_pkey; Type: CONSTRAINT; Schema: public; Owner: -
--

ALTER TABLE ONLY public.products_product
    ADD CONSTRAINT products_product_pkey PRIMARY KEY (id);


--
-- Name: products_product products_product_title_key; Type: CONSTRAINT; Schema: public; Owner: -
--

ALTER TABLE ONLY public.products_product
    ADD CONSTRAINT products_product_title_key UNIQUE (title);


--
-- Name: products_product products_product_title_ukr_key; Type: CONSTRAINT; Schema: public; Owner: -
--

ALTER TABLE ONLY public.products_product
    ADD CONSTRAINT products_product_title_ukr_key UNIQUE (title_ukr);


--
-- Name: users_address users_address_pkey; Type: CONSTRAINT; Schema: public; Owner: -
--

ALTER TABLE ONLY public.users_address
    ADD CONSTRAINT users_address_pkey PRIMARY KEY (id);


--
-- Name: users_preferred users_preferred_pkey; Type: CONSTRAINT; Schema: public; Owner: -
--

ALTER TABLE ONLY public.users_preferred
    ADD CONSTRAINT users_preferred_pkey PRIMARY KEY (id);


--
-- Name: users_user users_user_email_key; Type: CONSTRAINT; Schema: public; Owner: -
--

ALTER TABLE ONLY public.users_user
    ADD CONSTRAINT users_user_email_key UNIQUE (email);


--
-- Name: users_user_groups users_user_groups_pkey; Type: CONSTRAINT; Schema: public; Owner: -
--

ALTER TABLE ONLY public.users_user_groups
    ADD CONSTRAINT users_user_groups_pkey PRIMARY KEY (id);


--
-- Name: users_user_groups users_user_groups_user_id_group_id_b88eab82_uniq; Type: CONSTRAINT; Schema: public; Owner: -
--

ALTER TABLE ONLY public.users_user_groups
    ADD CONSTRAINT users_user_groups_user_id_group_id_b88eab82_uniq UNIQUE (user_id, group_id);


--
-- Name: users_user users_user_phone_number_key; Type: CONSTRAINT; Schema: public; Owner: -
--

ALTER TABLE ONLY public.users_user
    ADD CONSTRAINT users_user_phone_number_key UNIQUE (phone_number);


--
-- Name: users_user users_user_pkey; Type: CONSTRAINT; Schema: public; Owner: -
--

ALTER TABLE ONLY public.users_user
    ADD CONSTRAINT users_user_pkey PRIMARY KEY (id);


--
-- Name: users_user_user_permissions users_user_user_permissions_pkey; Type: CONSTRAINT; Schema: public; Owner: -
--

ALTER TABLE ONLY public.users_user_user_permissions
    ADD CONSTRAINT users_user_user_permissions_pkey PRIMARY KEY (id);


--
-- Name: users_user_user_permissions users_user_user_permissions_user_id_permission_id_43338c45_uniq; Type: CONSTRAINT; Schema: public; Owner: -
--

ALTER TABLE ONLY public.users_user_user_permissions
    ADD CONSTRAINT users_user_user_permissions_user_id_permission_id_43338c45_uniq UNIQUE (user_id, permission_id);


--
-- Name: auth_group_name_a6ea08ec_like; Type: INDEX; Schema: public; Owner: -
--

CREATE INDEX auth_group_name_a6ea08ec_like ON public.auth_group USING btree (name varchar_pattern_ops);


--
-- Name: auth_group_permissions_group_id_b120cbf9; Type: INDEX; Schema: public; Owner: -
--

CREATE INDEX auth_group_permissions_group_id_b120cbf9 ON public.auth_group_permissions USING btree (group_id);


--
-- Name: auth_group_permissions_permission_id_84c5c92e; Type: INDEX; Schema: public; Owner: -
--

CREATE INDEX auth_group_permissions_permission_id_84c5c92e ON public.auth_group_permissions USING btree (permission_id);


--
-- Name: auth_permission_content_type_id_2f476e4b; Type: INDEX; Schema: public; Owner: -
--

CREATE INDEX auth_permission_content_type_id_2f476e4b ON public.auth_permission USING btree (content_type_id);


--
-- Name: django_admin_log_content_type_id_c4bce8eb; Type: INDEX; Schema: public; Owner: -
--

CREATE INDEX django_admin_log_content_type_id_c4bce8eb ON public.django_admin_log USING btree (content_type_id);


--
-- Name: django_admin_log_user_id_c564eba6; Type: INDEX; Schema: public; Owner: -
--

CREATE INDEX django_admin_log_user_id_c564eba6 ON public.django_admin_log USING btree (user_id);


--
-- Name: django_session_expire_date_a5c62663; Type: INDEX; Schema: public; Owner: -
--

CREATE INDEX django_session_expire_date_a5c62663 ON public.django_session USING btree (expire_date);


--
-- Name: django_session_session_key_c0390e0f_like; Type: INDEX; Schema: public; Owner: -
--

CREATE INDEX django_session_session_key_c0390e0f_like ON public.django_session USING btree (session_key varchar_pattern_ops);


--
-- Name: orders_order_user_id_e9b59eb1; Type: INDEX; Schema: public; Owner: -
--

CREATE INDEX orders_order_user_id_e9b59eb1 ON public.orders_order USING btree (user_id);


--
-- Name: orders_orderitem_order_id_fe61a34d; Type: INDEX; Schema: public; Owner: -
--

CREATE INDEX orders_orderitem_order_id_fe61a34d ON public.orders_orderitem USING btree (order_id);


--
-- Name: orders_orderitem_product_id_afe4254a; Type: INDEX; Schema: public; Owner: -
--

CREATE INDEX orders_orderitem_product_id_afe4254a ON public.orders_orderitem USING btree (product_id);


--
-- Name: products_attributevalue_attribute_id_82b9ba3c; Type: INDEX; Schema: public; Owner: -
--

CREATE INDEX products_attributevalue_attribute_id_82b9ba3c ON public.products_attributevalue USING btree (attribute_id);


--
-- Name: products_attributevalue_category_id_2cea6735; Type: INDEX; Schema: public; Owner: -
--

CREATE INDEX products_attributevalue_category_id_2cea6735 ON public.products_attributevalue USING btree (category_id);


--
-- Name: products_category_title_3e22be6c_like; Type: INDEX; Schema: public; Owner: -
--

CREATE INDEX products_category_title_3e22be6c_like ON public.products_category USING btree (title varchar_pattern_ops);


--
-- Name: products_category_title_ukr_ed85796b_like; Type: INDEX; Schema: public; Owner: -
--

CREATE INDEX products_category_title_ukr_ed85796b_like ON public.products_category USING btree (title_ukr varchar_pattern_ops);


--
-- Name: products_product_category_id_9b594869; Type: INDEX; Schema: public; Owner: -
--

CREATE INDEX products_product_category_id_9b594869 ON public.products_product USING btree (category_id);


--
-- Name: products_product_slug_70d3148d; Type: INDEX; Schema: public; Owner: -
--

CREATE INDEX products_product_slug_70d3148d ON public.products_product USING btree (slug);


--
-- Name: products_product_slug_70d3148d_like; Type: INDEX; Schema: public; Owner: -
--

CREATE INDEX products_product_slug_70d3148d_like ON public.products_product USING btree (slug varchar_pattern_ops);


--
-- Name: products_product_title_659cf449_like; Type: INDEX; Schema: public; Owner: -
--

CREATE INDEX products_product_title_659cf449_like ON public.products_product USING btree (title varchar_pattern_ops);


--
-- Name: products_product_title_ukr_e3ada8f2_like; Type: INDEX; Schema: public; Owner: -
--

CREATE INDEX products_product_title_ukr_e3ada8f2_like ON public.products_product USING btree (title_ukr varchar_pattern_ops);


--
-- Name: users_address_user_id_4c106ba4; Type: INDEX; Schema: public; Owner: -
--

CREATE INDEX users_address_user_id_4c106ba4 ON public.users_address USING btree (user_id);


--
-- Name: users_preferred_product_id_b96f9825; Type: INDEX; Schema: public; Owner: -
--

CREATE INDEX users_preferred_product_id_b96f9825 ON public.users_preferred USING btree (product_id);


--
-- Name: users_preferred_user_id_7c44b3d2; Type: INDEX; Schema: public; Owner: -
--

CREATE INDEX users_preferred_user_id_7c44b3d2 ON public.users_preferred USING btree (user_id);


--
-- Name: users_user_email_243f6e77_like; Type: INDEX; Schema: public; Owner: -
--

CREATE INDEX users_user_email_243f6e77_like ON public.users_user USING btree (email varchar_pattern_ops);


--
-- Name: users_user_groups_group_id_9afc8d0e; Type: INDEX; Schema: public; Owner: -
--

CREATE INDEX users_user_groups_group_id_9afc8d0e ON public.users_user_groups USING btree (group_id);


--
-- Name: users_user_groups_user_id_5f6f5a90; Type: INDEX; Schema: public; Owner: -
--

CREATE INDEX users_user_groups_user_id_5f6f5a90 ON public.users_user_groups USING btree (user_id);


--
-- Name: users_user_phone_number_aff54ffd_like; Type: INDEX; Schema: public; Owner: -
--

CREATE INDEX users_user_phone_number_aff54ffd_like ON public.users_user USING btree (phone_number varchar_pattern_ops);


--
-- Name: users_user_user_permissions_permission_id_0b93982e; Type: INDEX; Schema: public; Owner: -
--

CREATE INDEX users_user_user_permissions_permission_id_0b93982e ON public.users_user_user_permissions USING btree (permission_id);


--
-- Name: users_user_user_permissions_user_id_20aca447; Type: INDEX; Schema: public; Owner: -
--

CREATE INDEX users_user_user_permissions_user_id_20aca447 ON public.users_user_user_permissions USING btree (user_id);


--
-- Name: auth_group_permissions auth_group_permissio_permission_id_84c5c92e_fk_auth_perm; Type: FK CONSTRAINT; Schema: public; Owner: -
--

ALTER TABLE ONLY public.auth_group_permissions
    ADD CONSTRAINT auth_group_permissio_permission_id_84c5c92e_fk_auth_perm FOREIGN KEY (permission_id) REFERENCES public.auth_permission(id) DEFERRABLE INITIALLY DEFERRED;


--
-- Name: auth_group_permissions auth_group_permissions_group_id_b120cbf9_fk_auth_group_id; Type: FK CONSTRAINT; Schema: public; Owner: -
--

ALTER TABLE ONLY public.auth_group_permissions
    ADD CONSTRAINT auth_group_permissions_group_id_b120cbf9_fk_auth_group_id FOREIGN KEY (group_id) REFERENCES public.auth_group(id) DEFERRABLE INITIALLY DEFERRED;


--
-- Name: auth_permission auth_permission_content_type_id_2f476e4b_fk_django_co; Type: FK CONSTRAINT; Schema: public; Owner: -
--

ALTER TABLE ONLY public.auth_permission
    ADD CONSTRAINT auth_permission_content_type_id_2f476e4b_fk_django_co FOREIGN KEY (content_type_id) REFERENCES public.django_content_type(id) DEFERRABLE INITIALLY DEFERRED;


--
-- Name: django_admin_log django_admin_log_content_type_id_c4bce8eb_fk_django_co; Type: FK CONSTRAINT; Schema: public; Owner: -
--

ALTER TABLE ONLY public.django_admin_log
    ADD CONSTRAINT django_admin_log_content_type_id_c4bce8eb_fk_django_co FOREIGN KEY (content_type_id) REFERENCES public.django_content_type(id) DEFERRABLE INITIALLY DEFERRED;


--
-- Name: django_admin_log django_admin_log_user_id_c564eba6_fk_users_user_id; Type: FK CONSTRAINT; Schema: public; Owner: -
--

ALTER TABLE ONLY public.django_admin_log
    ADD CONSTRAINT django_admin_log_user_id_c564eba6_fk_users_user_id FOREIGN KEY (user_id) REFERENCES public.users_user(id) DEFERRABLE INITIALLY DEFERRED;


--
-- Name: orders_order orders_order_user_id_e9b59eb1_fk_users_user_id; Type: FK CONSTRAINT; Schema: public; Owner: -
--

ALTER TABLE ONLY public.orders_order
    ADD CONSTRAINT orders_order_user_id_e9b59eb1_fk_users_user_id FOREIGN KEY (user_id) REFERENCES public.users_user(id) DEFERRABLE INITIALLY DEFERRED;


--
-- Name: orders_orderitem orders_orderitem_order_id_fe61a34d_fk_orders_order_id; Type: FK CONSTRAINT; Schema: public; Owner: -
--

ALTER TABLE ONLY public.orders_orderitem
    ADD CONSTRAINT orders_orderitem_order_id_fe61a34d_fk_orders_order_id FOREIGN KEY (order_id) REFERENCES public.orders_order(id) DEFERRABLE INITIALLY DEFERRED;


--
-- Name: orders_orderitem orders_orderitem_product_id_afe4254a_fk_products_product_id; Type: FK CONSTRAINT; Schema: public; Owner: -
--

ALTER TABLE ONLY public.orders_orderitem
    ADD CONSTRAINT orders_orderitem_product_id_afe4254a_fk_products_product_id FOREIGN KEY (product_id) REFERENCES public.products_product(id) DEFERRABLE INITIALLY DEFERRED;


--
-- Name: products_attributevalue products_attributeva_attribute_id_82b9ba3c_fk_products_; Type: FK CONSTRAINT; Schema: public; Owner: -
--

ALTER TABLE ONLY public.products_attributevalue
    ADD CONSTRAINT products_attributeva_attribute_id_82b9ba3c_fk_products_ FOREIGN KEY (attribute_id) REFERENCES public.products_attribute(id) DEFERRABLE INITIALLY DEFERRED;


--
-- Name: products_attributevalue products_attributeva_category_id_2cea6735_fk_products_; Type: FK CONSTRAINT; Schema: public; Owner: -
--

ALTER TABLE ONLY public.products_attributevalue
    ADD CONSTRAINT products_attributeva_category_id_2cea6735_fk_products_ FOREIGN KEY (category_id) REFERENCES public.products_category(id) DEFERRABLE INITIALLY DEFERRED;


--
-- Name: products_product products_product_category_id_9b594869_fk_products_category_id; Type: FK CONSTRAINT; Schema: public; Owner: -
--

ALTER TABLE ONLY public.products_product
    ADD CONSTRAINT products_product_category_id_9b594869_fk_products_category_id FOREIGN KEY (category_id) REFERENCES public.products_category(id) DEFERRABLE INITIALLY DEFERRED;


--
-- Name: users_address users_address_user_id_4c106ba4_fk_users_user_id; Type: FK CONSTRAINT; Schema: public; Owner: -
--

ALTER TABLE ONLY public.users_address
    ADD CONSTRAINT users_address_user_id_4c106ba4_fk_users_user_id FOREIGN KEY (user_id) REFERENCES public.users_user(id) DEFERRABLE INITIALLY DEFERRED;


--
-- Name: users_preferred users_preferred_product_id_b96f9825_fk_products_product_id; Type: FK CONSTRAINT; Schema: public; Owner: -
--

ALTER TABLE ONLY public.users_preferred
    ADD CONSTRAINT users_preferred_product_id_b96f9825_fk_products_product_id FOREIGN KEY (product_id) REFERENCES public.products_product(id) DEFERRABLE INITIALLY DEFERRED;


--
-- Name: users_preferred users_preferred_user_id_7c44b3d2_fk_users_user_id; Type: FK CONSTRAINT; Schema: public; Owner: -
--

ALTER TABLE ONLY public.users_preferred
    ADD CONSTRAINT users_preferred_user_id_7c44b3d2_fk_users_user_id FOREIGN KEY (user_id) REFERENCES public.users_user(id) DEFERRABLE INITIALLY DEFERRED;


--
-- Name: users_user_groups users_user_groups_group_id_9afc8d0e_fk_auth_group_id; Type: FK CONSTRAINT; Schema: public; Owner: -
--

ALTER TABLE ONLY public.users_user_groups
    ADD CONSTRAINT users_user_groups_group_id_9afc8d0e_fk_auth_group_id FOREIGN KEY (group_id) REFERENCES public.auth_group(id) DEFERRABLE INITIALLY DEFERRED;


--
-- Name: users_user_groups users_user_groups_user_id_5f6f5a90_fk_users_user_id; Type: FK CONSTRAINT; Schema: public; Owner: -
--

ALTER TABLE ONLY public.users_user_groups
    ADD CONSTRAINT users_user_groups_user_id_5f6f5a90_fk_users_user_id FOREIGN KEY (user_id) REFERENCES public.users_user(id) DEFERRABLE INITIALLY DEFERRED;


--
-- Name: users_user_user_permissions users_user_user_perm_permission_id_0b93982e_fk_auth_perm; Type: FK CONSTRAINT; Schema: public; Owner: -
--

ALTER TABLE ONLY public.users_user_user_permissions
    ADD CONSTRAINT users_user_user_perm_permission_id_0b93982e_fk_auth_perm FOREIGN KEY (permission_id) REFERENCES public.auth_permission(id) DEFERRABLE INITIALLY DEFERRED;


--
-- Name: users_user_user_permissions users_user_user_permissions_user_id_20aca447_fk_users_user_id; Type: FK CONSTRAINT; Schema: public; Owner: -
--

ALTER TABLE ONLY public.users_user_user_permissions
    ADD CONSTRAINT users_user_user_permissions_user_id_20aca447_fk_users_user_id FOREIGN KEY (user_id) REFERENCES public.users_user(id) DEFERRABLE INITIALLY DEFERRED;


--
-- Name: SCHEMA public; Type: ACL; Schema: -; Owner: -
--

REVOKE ALL ON SCHEMA public FROM cloudsqladmin;
REVOKE ALL ON SCHEMA public FROM PUBLIC;
GRANT ALL ON SCHEMA public TO cloudsqlsuperuser;
GRANT ALL ON SCHEMA public TO PUBLIC;


--
-- Name: FUNCTION pg_replication_origin_advance(text, pg_lsn); Type: ACL; Schema: pg_catalog; Owner: -
--

GRANT ALL ON FUNCTION pg_catalog.pg_replication_origin_advance(text, pg_lsn) TO cloudsqlsuperuser;


--
-- Name: FUNCTION pg_replication_origin_create(text); Type: ACL; Schema: pg_catalog; Owner: -
--

GRANT ALL ON FUNCTION pg_catalog.pg_replication_origin_create(text) TO cloudsqlsuperuser;


--
-- Name: FUNCTION pg_replication_origin_drop(text); Type: ACL; Schema: pg_catalog; Owner: -
--

GRANT ALL ON FUNCTION pg_catalog.pg_replication_origin_drop(text) TO cloudsqlsuperuser;


--
-- Name: FUNCTION pg_replication_origin_oid(text); Type: ACL; Schema: pg_catalog; Owner: -
--

GRANT ALL ON FUNCTION pg_catalog.pg_replication_origin_oid(text) TO cloudsqlsuperuser;


--
-- Name: FUNCTION pg_replication_origin_progress(text, boolean); Type: ACL; Schema: pg_catalog; Owner: -
--

GRANT ALL ON FUNCTION pg_catalog.pg_replication_origin_progress(text, boolean) TO cloudsqlsuperuser;


--
-- Name: FUNCTION pg_replication_origin_session_is_setup(); Type: ACL; Schema: pg_catalog; Owner: -
--

GRANT ALL ON FUNCTION pg_catalog.pg_replication_origin_session_is_setup() TO cloudsqlsuperuser;


--
-- Name: FUNCTION pg_replication_origin_session_progress(boolean); Type: ACL; Schema: pg_catalog; Owner: -
--

GRANT ALL ON FUNCTION pg_catalog.pg_replication_origin_session_progress(boolean) TO cloudsqlsuperuser;


--
-- Name: FUNCTION pg_replication_origin_session_reset(); Type: ACL; Schema: pg_catalog; Owner: -
--

GRANT ALL ON FUNCTION pg_catalog.pg_replication_origin_session_reset() TO cloudsqlsuperuser;


--
-- Name: FUNCTION pg_replication_origin_session_setup(text); Type: ACL; Schema: pg_catalog; Owner: -
--

GRANT ALL ON FUNCTION pg_catalog.pg_replication_origin_session_setup(text) TO cloudsqlsuperuser;


--
-- Name: FUNCTION pg_replication_origin_xact_reset(); Type: ACL; Schema: pg_catalog; Owner: -
--

GRANT ALL ON FUNCTION pg_catalog.pg_replication_origin_xact_reset() TO cloudsqlsuperuser;


--
-- Name: FUNCTION pg_replication_origin_xact_setup(pg_lsn, timestamp with time zone); Type: ACL; Schema: pg_catalog; Owner: -
--

GRANT ALL ON FUNCTION pg_catalog.pg_replication_origin_xact_setup(pg_lsn, timestamp with time zone) TO cloudsqlsuperuser;


--
-- Name: FUNCTION pg_show_replication_origin_status(OUT local_id oid, OUT external_id text, OUT remote_lsn pg_lsn, OUT local_lsn pg_lsn); Type: ACL; Schema: pg_catalog; Owner: -
--

GRANT ALL ON FUNCTION pg_catalog.pg_show_replication_origin_status(OUT local_id oid, OUT external_id text, OUT remote_lsn pg_lsn, OUT local_lsn pg_lsn) TO cloudsqlsuperuser;


--
-- PostgreSQL database dump complete
--

